instID,church_type,instName,language,instNote,placeName,region,county_orig,county_reg,city_orig,city_reg,state_orig,state_reg,latitude,longitude,attendingInstID,attendingChurch,attendingChurchFrequency,persID_cor,persTitle,persName,persSuffix,persRole,persNote,memberType,member,affiliated,order,year,attendingPersID,attendingChurchNote,persID,diocese,diocese_reg
﻿cle.oh.0001,﻿cathedral,﻿St. John the Evangelist,English,,,,,,﻿Cleveland,﻿Cleveland,﻿OH,,41.503032,-81.688109,,,,﻿a_rappe_001,﻿Rt. Rev.,﻿Amedeus Rappe,﻿D.D.,,,,,,,1859,﻿,﻿,﻿,﻿Cleveland,Cleveland
﻿cle.oh.0001,﻿cathedral,﻿St. John the Evangelist,English,,,,,,﻿Cleveland,﻿Cleveland,﻿OH,,41.503032,-81.688109,,,,﻿th_walsh_002,﻿Rev.,﻿Thomas Walsh,﻿Sr.,,,,,,,1859,﻿,﻿,﻿,﻿Cleveland,Cleveland
﻿cle.oh.0001,﻿cathedral,﻿St. John the Evangelist,English,,,,,,﻿Cleveland,﻿Cleveland,﻿OH,,41.503032,-81.688109,,,,﻿h_hannon_001,﻿Rev.,﻿H. Hannon,,,,,,,,1859,﻿,﻿,﻿,﻿Cleveland,Cleveland
﻿cle.oh.0002,﻿church,﻿St. Patrick's,English,,,,,,﻿Cleveland,﻿Cleveland,﻿OH,,41.483426,-81.711512,,,,﻿j_conlan_001,﻿Very Rev.,﻿J. Conlan,,,,,,,,1859,﻿,﻿,﻿,﻿Cleveland,Cleveland
﻿cle.oh.0002,﻿church,﻿St. Patrick's,English,,,,,,﻿Cleveland,﻿Cleveland,﻿OH,,41.483426,-81.711512,,,,﻿j_v_conlan_001,﻿Rev.,﻿J. Cohlon,,,,,,,,1859,﻿,﻿,﻿,﻿Cleveland,Cleveland
﻿cle.oh.0004,﻿church,﻿St. Peter's,English,,,,,,﻿Cleveland,﻿Cleveland,﻿OH,,41.50231,-81.68207,,,,﻿j_luhr_001,﻿Very Rev.,﻿J. Luhr,,,,,,,,1859,﻿,﻿,﻿,﻿Cleveland,Cleveland
﻿cle.oh.0010,﻿chapel,﻿St. Mary's,English,,,,,,﻿Cleveland,﻿Cleveland,﻿OH,,41.490575,-81.6946,,,,﻿m_krammer_001,﻿Rev.,﻿M. Krammer,,,,,,,,1859,﻿,﻿,﻿,﻿Cleveland,Cleveland
﻿cle.oh.0017,﻿church,﻿St. Vincent's,English,,,,﻿Summit County,﻿Summit County,﻿Acron,﻿Akron,﻿OH,,41.136837,-81.598727,,,,﻿th_walsh_002,﻿Rev.,﻿Thomas Walsh,,,,,,,,1859,﻿,﻿,﻿,﻿Cleveland,Cleveland
﻿cle.oh.0025,﻿church,﻿Holy Trinity,English,,,,﻿Lorain County,﻿Lorain County,﻿Avon,﻿Avon,﻿OH,,41.452578,-81.989644,,,,﻿a_meyer_002,﻿Rev.,﻿A. Meyer,﻿C.PP.S.,,,,,,,1859,﻿,﻿,﻿,﻿Cleveland,Cleveland
﻿cle.oh.0025,﻿church,﻿Holy Trinity,English,,,,﻿Lorain County,﻿Lorain County,﻿Avon,﻿Avon,﻿OH,,41.452578,-81.989644,,,,﻿a_damback_001,﻿Rev.,﻿A. Dambach,﻿C.PP.S.,,"﻿who also attended the churches of French Creek and Sheffield, three miles from each other",,,,,1859,﻿,﻿,﻿,﻿Cleveland,Cleveland
﻿cle.oh.0038,﻿church,﻿St. John the Baptist,﻿English,,,,﻿Stark County,﻿Stark County,﻿Canton,﻿Canton,﻿OH,,40.803179,-81.377309,,,,﻿c_carrahar_001,﻿Rev.,﻿C. Carrahar,,,,,,,,1859,﻿,﻿,﻿,﻿Cleveland,Cleveland
﻿cle.oh.0039,﻿church,﻿St. Peter's,English,﻿German,,,﻿Stark County,﻿Stark County,﻿Canton,﻿Canton,﻿OH,,40.844634,-81.363431,,,,﻿j_b_vlemann_001,﻿Rev.,﻿J. B. Vlemann,,,﻿who attends also New Berlin,,,,,1859,﻿,﻿,﻿,﻿Cleveland,Cleveland
﻿cle.oh.0050,﻿church,﻿St. John's,English,,,,﻿Defiance County,﻿Defiance County,﻿Defiance,﻿Defiance,﻿OH,,41.284493,-84.35578,,,,﻿j_vestrehalt_001,﻿Rev.,﻿J. Vestrehalt,,,"﻿who once a month attends Poplar Ridge, and occasionally Clarkesville Junction and Hicksville",,,,,1859,﻿,﻿,﻿,﻿Cleveland,Cleveland
﻿cle.oh.0052,﻿church,[Unnamed Institution],English,﻿church not dedicated,,,﻿Van Wert County,﻿Allen County,﻿Delphos,﻿Delphos,﻿OH,,40.843571,-84.33453,,,,﻿w_breideck_001,﻿Rev.,﻿W. Breideck,,,﻿who attends section sixteen once a month,,,,,1859,﻿,﻿,﻿,﻿Cleveland,Cleveland
﻿cle.oh.0055,﻿church,﻿St. John's,English,,,,﻿Columbiana County,﻿Columbiana County,﻿Dunganan,﻿Dungannon,﻿OH,,40.734227,-80.878695,,,,﻿phi_flum_001,﻿Rev.,﻿Philip Flum,,,﻿who attends also East Liverpool once a month,,,,,1859,﻿,﻿,﻿,﻿Cleveland,Cleveland
﻿cle.oh.0054,﻿church,﻿St. Michael's,English,,,,﻿Wayne County,﻿Wayne County,﻿Doylestown,﻿Doylestown,﻿OH,,40.970055,-81.696517,,,,﻿e_w_lendesmith_001,﻿Rev. Mr.,﻿Lindersmith,,,﻿who attends Bristol and Canal Fulton twice a month,,,,,1859,﻿,﻿,﻿,﻿Cleveland,Cleveland
﻿cle.oh.0066,﻿church,﻿St. Bonifacius',English,,,,﻿Sandusky County,﻿Sandusky County,﻿Fremont,﻿Fremont,﻿OH,,41.35033,-83.121863,,,,﻿rose_001,﻿Rev. Mr.,﻿Rose,,,,,,,,1859,﻿,﻿,﻿,﻿Cleveland,Cleveland
﻿cle.oh.0064,﻿church,[Unnamed Institution],English,﻿church not dedicated,,,﻿Putnam County,﻿Putnam County,﻿Fort Jennings,﻿Fort Jennings,﻿OH,,40.906439,-84.296616,,,,﻿boehne_001,﻿Rev.,﻿C. Boehne,,,,,,,,1859,﻿,﻿,﻿,﻿Cleveland,Cleveland
﻿cle.oh.0074,﻿church,﻿St. Peter's,English,,,,﻿Putnam County,﻿Putnam County,﻿Glandorf,﻿Glandorf,﻿OH,,41.030343,-84.079542,,,,﻿a_schelbert_001,﻿Rev.,﻿A. Schelbert,﻿C.PP.S.,,,,,,,1859,﻿,﻿,﻿,﻿Cleveland,Cleveland
﻿cle.oh.0074,﻿church,﻿St. Peter's,English,,,,﻿Putnam County,﻿Putnam County,﻿Glandorf,﻿Glandorf,﻿OH,,41.030343,-84.079542,,,,﻿a_stieffater_001,﻿Rev.,﻿A. Stieffater,﻿C.PP.S.,,,,,,,1859,﻿,﻿,﻿,﻿Cleveland,Cleveland
﻿cle.oh.0077,﻿church,﻿Sacred Heart of Mary,English,,,,﻿Stark County,﻿Stark County,﻿Harrisburgh,﻿Harrisburg,﻿OH,,40.868468,-81.251883,,,,﻿l_grevin_001,﻿Rev.,﻿L. Grevin,,,﻿who attends Strasburgh,,,﻿Sacred Heart of Mary,,1859,﻿,﻿,﻿,﻿Cleveland,Cleveland
﻿cle.oh.0057,﻿church,[Unnamed Institution],English,,,,﻿Lorain County,,﻿Illyria,,﻿OH,,41.364774,-82.105661,,,,﻿m_haley_001,﻿Rev.,﻿M. Haley,,,﻿who visits Laporte twice a month,,,,,1859,﻿,﻿,﻿,﻿Cleveland,Cleveland
﻿cle.oh.0096,﻿church,﻿St. Louis,English,,,,﻿Stark County,﻿Stark County,﻿Louisville,﻿Louisville,﻿OH,,40.838214,-81.259599,,,,﻿f_darcy_001,﻿Rev.,﻿Florentine Darcy,,,,,,,,1859,﻿,﻿,﻿,﻿Cleveland,Cleveland
﻿cle.oh.0087,﻿church,﻿St. Martin's and Queen of All Saints,English,,,,﻿Medina County,﻿Medina County,﻿Liverpool,﻿Valley City,﻿OH,,41.237664,-81.931271,,,,﻿j_albrecht_001,﻿Rev.,﻿J. Albrecht,﻿C.PP.S.,,,,,,,1859,﻿,﻿,﻿,﻿Cleveland,Cleveland
﻿cle.oh.0100,﻿church,﻿St. Ronis,English,,,,﻿Stark County,﻿Stark County,﻿Massillon,﻿Massillon,﻿OH,,40.802379,-81.52292,,,,﻿ste_falk_001,﻿Rev.,﻿Stephen Falk,﻿C.PP.S.,,﻿who attends also Bethlehem once a month,,,,,1859,﻿,﻿,﻿,﻿Cleveland,Cleveland
﻿cle.oh.0358,﻿church,[Unnamed Institution],English,﻿English church,,,﻿Stark County,,﻿Massillon,,﻿OH,,,,﻿cle.oh.0038,﻿attended from Canton,﻿once a month,,,,,,,,,,,1859,﻿,﻿,﻿,﻿Cleveland,Cleveland
﻿cle.oh.0102,﻿church,﻿St. Joseph's,English,,,,﻿Lacas County,﻿Lucas County,﻿Maumee City,﻿Maumee,﻿OH,,41.560387,-83.654218,,,,﻿n_roupp_001,﻿Rev.,﻿Nicholas Rouppe,,,,,,,,1859,﻿,﻿,﻿,﻿Cleveland,Cleveland
﻿cle.oh.0105,﻿church,[Unnamed Institution],English,,,,,﻿Wood County,﻿Middletown and Six Miles Woods,﻿Middleton Township,﻿OH,,41.458519,-83.650809,﻿cle.oh.0102,﻿visited from Maumee City,,,,,,,,,,,,1859,﻿,﻿,﻿,﻿Cleveland,Cleveland
﻿cle.oh.0097,﻿church,[Unnamed Institution],English,,,,,,﻿Mariacamp,,﻿OH,,41.032914,-84.164616,﻿cle.oh.0074,﻿attended from Glandorf,,,,,,,,,,,,1859,﻿,﻿,﻿,﻿Cleveland,Cleveland
﻿cle.oh.0337,﻿church,﻿St. Genevieve,English,﻿vacant,,,﻿Holmes County,,﻿Mount Eaton,,﻿OH,,,,,,,,,,,,,,,,,1859,﻿,﻿,﻿,﻿Cleveland,Cleveland
﻿cle.oh.0122&0123,﻿church,﻿St. Peter's,English,,,,﻿Huron County,﻿Huron County,﻿Norwalk,﻿Norwalk,﻿OH,,41.2296,-82.603017,,,,﻿n_ponchill_001,﻿Rev.,﻿N. Ponchel,,,,,,,,1859,﻿,﻿,﻿,﻿Cleveland,Cleveland
﻿cle.oh.0356,﻿church,﻿St. Mary's,English,,,,,,﻿Ohio City,,﻿OH,,,,,,,﻿x_obermüller_001,﻿Rev.,﻿X. Obermüller,﻿C.PP.S.,,,,,,,1859,﻿,﻿,﻿,﻿Cleveland,Cleveland
﻿cle.oh.0131,﻿church,﻿St. Alphonsus',English,﻿German,,,﻿Huron County,﻿Huron County,﻿Peru,﻿Peru Township,﻿OH,,41.202367,-82.638066,,,,﻿j_b_dolweck_001,﻿Rev.,﻿J. P. Dolweck,,,,,,,,1859,﻿,﻿,﻿,﻿Cleveland,Cleveland
﻿cle.oh.0129,﻿church,[Unnamed Institution],English,"﻿church not dedicated; The Chuch of Thomson, Conneaut and Kingsville, attended from Painesville",,,﻿Lake County,﻿Lake County,﻿Plainsville,﻿Painesville,﻿OH,,41.724489,-81.245657,,,,﻿cha_coquerelle_001,﻿Rev.,﻿Ch. Coquerelle,,,,,,,,1859,﻿,﻿,﻿,﻿Cleveland,Cleveland
﻿cle.oh.0135,﻿church,﻿St. Patrick's,English,,,,﻿Lucas County,﻿Lucas County,﻿Providence,﻿Providence,﻿OH,,41.689439,-83.378939,,,,﻿m_bourjade_001,﻿Rev.,﻿M. Bourjade,,,"﻿who visits once a month the Chapel of German Township, also Riviere aux Toussaints and Laprairie",,,,,1859,﻿,﻿,﻿,﻿Cleveland,Cleveland
﻿cle.oh.0141,﻿church,[Unnamed Institution],English,﻿church not dedicated,,,﻿Cuyahoga County,﻿Cuyahoga County,﻿Rockport,﻿Rocky River,﻿OH,,41.476822,-81.849757,,,,﻿l_filière_001,﻿Rev.,﻿L. Filieri,,,﻿who attends also the chapels of Beren and Olmstead,,,,,1859,﻿,﻿,﻿,﻿Cleveland,Cleveland
﻿cle.oh.0136,﻿church,[Unnamed Institution],English,﻿church not dedicated,,,﻿Portage County,﻿Portage County,﻿Randolph,﻿Randolph Township,﻿OH,,41.010492,-81.273907,,,,﻿m_steine_001,﻿Rev.,﻿M. Steine,,,,,,,,1859,﻿,﻿,﻿,﻿Cleveland,Cleveland
﻿cle.oh.0143,﻿church,﻿Holy Angels,English,,,,,﻿Erie County,﻿Sandusky City,﻿Sandusky,﻿OH,,41.449359,-82.723078,,,,﻿f_boff_001,﻿Rev.,﻿F. Boff,,,﻿who visits Bellevue,,,,,1859,﻿,﻿,﻿,﻿Cleveland,Cleveland
﻿cle.oh.0143,﻿church,﻿Holy Angels,English,,,,,﻿Erie County,﻿Sandusky City,﻿Sandusky,﻿OH,,41.449359,-82.723078,,,,﻿d_tighe_001,﻿Rev.,﻿D. Tigh,,,,,,,,1859,﻿,﻿,﻿,﻿Cleveland,Cleveland
﻿cle.oh.0317,﻿church,﻿St. Peter's,English,,,,,﻿Erie County,﻿Sandusky City,﻿Snadusky,﻿OH,,41.452222,-82.708889,,,,﻿cha_hamene_001,﻿Rev.,﻿A. Hamène,,,,,,,,1859,﻿,﻿,﻿,﻿Cleveland,Cleveland
﻿cle.oh.0147,﻿church,[Unnamed Institution],English,﻿chuch not dedicated,,,﻿Richville County,﻿Richland County,﻿Shelby,﻿Bethlehem,﻿OH,,40.756672,-82.518584,,,,﻿j_ringele_002,﻿Rev.,﻿J. Ringele,,,﻿who visits once a month the church of Gallion and Cressline,,,,,1859,﻿,﻿,﻿,﻿Cleveland,Cleveland
﻿cle.oh.0155,﻿church,﻿St. John's,English,,,,﻿Columbiana County,﻿Columbiana County,﻿Summitville,﻿Summitville,﻿OH,,40.678117,-80.886196,,,,﻿m_pendergast_001,﻿Rev.,﻿M. Pendergast,,,"﻿who also attends Youngstown, Mahoning Co.",,,,,1859,﻿,﻿,﻿,﻿Cleveland,Cleveland
﻿cle.oh.0159,﻿church,﻿St. Joseph's,English,﻿German,,,﻿Seneca County,﻿Seneca County,﻿Tiffin,﻿Tiffin,﻿OH,,41.108735,-83.175299,,,,﻿bean_001,﻿Rev. Mr.,﻿Bean,,,"﻿who visits the chapel of Findley once a month, and St. Sebastian at Liberty",,,,,1859,﻿,﻿,﻿,﻿Cleveland,Cleveland
﻿cle.oh.0158,﻿church,﻿English Church,English,﻿not dedicated,,,﻿Seneca County,﻿Seneca County,﻿Tiffin,﻿Tiffin,﻿OH,,41.117257,-83.183866,,,,﻿mic_sullivan_003,﻿Rev.,﻿Michael Sullivan,,,﻿who also attends Findley,,,,,1859,﻿,﻿,﻿,﻿Cleveland,Cleveland
﻿cle.oh.0162,﻿church,﻿St. Francis of Sales,English,,,,﻿Lucas County,﻿Lucas County,﻿Toledo,﻿Toledo,﻿OH,,41.662799,-83.598385,,,,﻿n_oconnor_001,﻿Rev.,﻿N. O'Connor,,,,,,,,1859,﻿,﻿,﻿,﻿Cleveland,Cleveland
﻿cle.oh.0162,﻿church,﻿St. Francis of Sales,English,,,,﻿Lucas County,﻿Lucas County,﻿Toledo,﻿Toledo,﻿OH,,41.662799,-83.598385,,,,﻿r_sidley_001,﻿Rev.,﻿R. Sidley,,,﻿who also attends Texas,,,,,1859,﻿,﻿,﻿,﻿Cleveland,Cleveland
﻿cle.oh.0300,﻿church,﻿German and French Church,English,﻿not dedicated,,,﻿Lucas County,﻿Lucas County,﻿Toledo,﻿Toledo,﻿OH,,41.373889,-83.650833,,,,﻿cha_evrard_001,﻿Rev.,﻿Charles Evrard,,,,,,,,1859,﻿,﻿,﻿,﻿Cleveland,Cleveland
﻿cle.oh.0160,﻿church,﻿St. Michael's,English,,,,﻿Seneca County,﻿Seneca County,﻿Thomson,﻿Thompson Township,﻿OH,,41.201642,-82.885596,,,,﻿ant_kramer_002,﻿Rev.,﻿Anthony Kramer,﻿C.PP.S.,,,,,,,1859,﻿,﻿,﻿,﻿Cleveland,Cleveland
﻿cle.oh.0160,﻿church,﻿St. Michael's,English,,,,﻿Seneca County,﻿Seneca County,﻿Thomson,﻿Thompson Township,﻿OH,,41.201642,-82.885596,,,,﻿r_shuely_001,﻿Rev.,﻿R. Shuely,﻿C.PP.S.,,,,,,,1859,﻿,﻿,﻿,﻿Cleveland,Cleveland
﻿cle.oh.0160,﻿church,﻿St. Michael's,English,,,,﻿Seneca County,﻿Seneca County,﻿Thomson,﻿Thompson Township,﻿OH,,41.201642,-82.885596,,,,﻿v_hausner_001,﻿Rev.,﻿V. Hausner,﻿C.PP.S.,,"﻿who visits St. Sebastian, St. Mauritius near Utica, and New Washington, Crawford Co.",,,,,1859,﻿,﻿,﻿,﻿Cleveland,Cleveland
﻿cle.oh.0319,﻿church,﻿St. Boniface,English,,,,﻿Seneca County,,﻿Wolf's Creek,,﻿OH,,,,,,,﻿aug_reichert_001,﻿Rev.,﻿A. Reichert,﻿C.PP.S.,,,,,,,1859,﻿,﻿,﻿,﻿Cleveland,Cleveland
﻿cle.oh.0319,﻿church,﻿St. Boniface,English,,,,﻿Seneca County,,﻿Wolf's Creek,,﻿OH,,,,,,,﻿n_g_n gales _001,﻿Rev.,﻿N. Gales,﻿C.PP.S.,,﻿who attend Rome and Upper Sandusky,,,,,1859,﻿,﻿,﻿,﻿Cleveland,Cleveland
﻿cle.oh.0181,﻿church,[Unnamed Institution],English,,,,﻿Wayne County,﻿Wayne County,﻿Wooster,﻿Wooster,﻿OH,,40.798237,-81.939914,,,,﻿m_oneil_002,﻿Rev.,﻿Michael O'Neil,,,﻿who attends Mansfield,,,,,1859,﻿,﻿,﻿,﻿Cleveland,Cleveland
﻿cle.oh.0183,﻿seminary,﻿St. Mary's Ecclesiastical Seminary,English,,,,,,﻿Cleveland,﻿Cleveland,﻿OH,,41.503018,-81.691627,,,,﻿a_caron_001,﻿Rev.,﻿A. Caron,,﻿Superior,,,,,,1859,﻿,﻿,﻿,﻿Cleveland,Cleveland
﻿cle.oh.0183,﻿seminary,﻿St. Mary's Ecclesiastical Seminary,English,,,,,,﻿Cleveland,﻿Cleveland,﻿OH,,41.503018,-81.691627,,,,﻿f_salaun_001,﻿Rev.,﻿L. Salaen,,,,,,,,1859,﻿,﻿,﻿,﻿Cleveland,Cleveland
﻿cle.oh.0183,﻿seminary,﻿St. Mary's Ecclesiastical Seminary,English,,,,,,﻿Cleveland,﻿Cleveland,﻿OH,,41.503018,-81.691627,,,,﻿a_martin_001,﻿Rev.,﻿L. Martin,,,,,,,,1859,﻿,﻿,﻿,﻿Cleveland,Cleveland
﻿cle.oh.0183,﻿seminary,﻿St. Mary's Ecclesiastical Seminary,English,,,,,,﻿Cleveland,﻿Cleveland,﻿OH,,41.503018,-81.691627,,,,﻿f_boff_001,﻿Rev.,﻿F. Boff,,,,,,,,1859,﻿,﻿,﻿,﻿Cleveland,Cleveland
﻿cle.oh.0160_02,﻿community,﻿Congregation Pretiosissimi Sanguinis,English,,,,,,﻿Thomson,,﻿OH,,41.201642,-82.885596,,,,﻿ant_kramer_002,﻿Rev.,﻿Anthony Kramer,﻿C.PP.S.,,,,,,,1859,﻿,﻿,﻿,﻿Cleveland,Cleveland
﻿cle.oh.0160_02,﻿community,﻿Congregation Pretiosissimi Sanguinis,English,,,,,,﻿Thomson,,﻿OH,,41.201642,-82.885596,,,,﻿r_shuely_001,﻿Rev.,﻿R. Shuely,﻿C.PP.S.,,,,,,,1859,﻿,﻿,﻿,﻿Cleveland,Cleveland
﻿cle.oh.0160_02,﻿community,﻿Congregation Pretiosissimi Sanguinis,English,,,,,,﻿Thomson,,﻿OH,,41.201642,-82.885596,,,,﻿v_hausner_001,﻿Rev.,﻿V. Hausner,﻿C.PP.S.,,,,,,,1859,﻿,﻿,﻿,﻿Cleveland,Cleveland
﻿cle.oh.0357,"﻿boarding school, day school, free school",﻿Christian Brothers of Mary,English,"﻿Boarding, Day, and Free School",,,,,﻿West Cleveland,,﻿OH,,,,,,,,,,,,,,,,,1859,﻿,﻿,﻿,﻿Cleveland,Cleveland
